{
  "feature_names": [
    "intercept",
    "prev_encounters",
    "health_state",
    "homelessness_duration",
    "history_of_abuse",
    "trust_building",
    "age",
    "income"
  ],
  "x_columns": [
    "prev_encounters",
    "health_state",
    "homelessness_duration",
    "history_of_abuse",
    "trust_building",
    "age",
    "income"
  ],
  "w_map": [
    0.624257168718706,
    0.3358315286040088,
    -0.08769617579430584,
    -0.3909576422211076,
    -0.2614375553436409,
    0.16077706300080974,
    -0.05078435300926398,
    0.02666227080828788
  ],
  "cov_diag": [
    0.0037263849201603296,
    0.011690036708172988,
    0.005433929191914774,
    0.007106351917304554,
    0.005088648885595834,
    0.01084109798534003,
    0.005521609854493192,
    0.004037600238121145
  ],
  "X_mean": [
    5.614484272128749,
    2.254572055596196,
    5.138258961228969,
    0.25237746891002194,
    2.158741770299927,
    41.48134601316752,
    372.92364267694745
  ],
  "X_std": [
    4.758224176224533,
    0.5080975072178677,
    3.5649341813958038,
    0.43437666024470767,
    1.9672804635474936,
    11.55956155385832,
    153.8352804204064
  ]
}